,สะสมรายงานเบื้องต้นเดือนมกราคม - เดือนธันวาคม ปี 2566(P),,,,,,,,,,,,,,,,,,,,,,,,,,,,
,,อัตราการเข้าพัก,,,จำนวนผู้เข้าพัก (คน),,,จำนวนผู้เยี่ยมเยือนทั้งหมด (คน),,,จำนวนผู้เยี่ยมเยือนคนไทย (คน),,,จำนวนผู้เยี่ยมเยือนชาวต่างชาติ (คน),,,รายได้จากผู้เยี่ยมเยือน (ล้านบาท),,,รายได้จากผู้เยี่ยมเยือนคนไทย (ล้านบาท),,,รายได้จากผู้เยี่ยมเยือนชาวต่างชาติ (ล้านบาท),,,,,,
,,,,,,,,,,,,,,,,,,,,,,,,,,,,,
,,2566(P),2565 (P),การเปลี่ยนแปลง,2566(P),2565 (P),%การเปลี่ยนแปลง,2566(P),2565 (P),%การเปลี่ยนแปลง,2566(P),2565 (P),%การเปลี่ยนแปลง,2566(P),2565 (P),%การเปลี่ยนแปลง,2566(P),2565 (P),%การเปลี่ยนแปลง,2566(P),2565 (P),%การเปลี่ยนแปลง,2566(P),2565 (P),%การเปลี่ยนแปลง,,,,
,กรุงเทพมหานคร,76.73,46.59,+30.14,"31,449,487","17,187,292",+82.98,"56,263,370","38,626,450",+45.66,"30,470,185","28,793,993",+5.82,"25,793,185","9,832,457",+162.33,"750,151","340,970.08",+120.00,"162,728","142,276.82",+14.37,"587,423","198,693.26",+195.64,,,,
,กาญจนบุรี,63.42,58.45,+4.97," 3,377,907 "," 2,804,939 ",+20.43," 14,452,305 "," 11,534,269 ",+25.30," 14,135,084 "," 11,453,168 ",+ 23.42  ," 317,221 "," 81,101 ",+ 291.14  ," 30,402 ","21,479.89",+ 41.54  ," 29,008 ","21,194.10",+36.87," 1,394 ",285.79,+387.65,,,,
,นครปฐม,50.03,44.93,+5.10," 898,613 "," 825,007 ",+8.92," 3,656,542 "," 2,944,053 ",+24.20," 3,609,176 "," 2,930,203 ",+ 23.17  ," 47,366 "," 13,850 ",+ 241.99  ," 5,148 ","3,738.89",+ 37.68  ," 5,018 ","3,704.35",+35.45, 130 ,34.54,+276.98,,,,
,ประจวบคีรีขันธ์,71.21,60.46,+10.75," 5,585,484 "," 4,869,818 ",+14.70," 11,143,079 "," 9,747,884 ",+14.31," 10,656,168 "," 9,597,432 ",+ 11.03  ," 486,911 "," 150,452 ",+ 223.63  ," 44,241 ","32,838.12",+ 34.72  ," 38,890 ","31,356.36",+24.03," 5,351 ","1,481.76",+261.10,,,,
,เพชรบุรี,67.02,61.30,+5.72," 3,892,668 "," 3,526,533 ",+10.38," 10,819,466 "," 8,989,584 ",+20.36," 10,670,442 "," 8,939,653 ",+ 19.36  ," 149,024 "," 49,931 ",+ 198.46  ," 32,334 ","24,394.65",+ 32.55  ," 31,075 ","24,187.21",+28.48," 1,259 ",207.44,+506.92,,,,
,ราชบุรี,54.96,50.64,+4.32," 923,796 "," 807,893 ",+14.35," 2,362,698 "," 1,615,977 ",+46.21," 2,252,679 "," 1,586,202 ",+ 42.02  ," 110,019 "," 29,775 ",+ 269.50  ," 4,086 ","1,907.08",+ 114.26  ," 3,844 ","1,827.79",+110.31, 242 ,79.29,+205.36,,,,
,สมุทรปราการ,50.53,33.72,+16.81," 965,363 "," 638,439 ",+51.21," 3,288,671 "," 2,359,964 ",+39.35," 2,465,890 "," 1,923,247 ",+ 28.21  ," 822,781 "," 436,717 ",+ 88.40  ," 5,174 ","3,412.83",+ 51.59  ," 3,638 ","2,821.32",+28.94," 1,536 ",591.51,+159.63,,,,
,สมุทรสงคราม,56.57,45.70,+10.87," 752,784 "," 696,287 ",+8.11," 6,655,028 "," 4,522,098 ",+47.17," 6,512,924 "," 4,498,809 ",+ 44.77  ," 142,104 "," 23,289 ",+ 510.18  ," 6,674 ","4,507.64",+ 48.07  ," 6,477 ","4,462.68",+45.14, 197 ,44.96,+338.59,,,,
,สมุทรสาคร,40.27,25.50,+14.77," 342,052 "," 219,344 ",+55.94," 1,225,537 "," 552,886 ",+121.66," 1,214,812 "," 550,386 ",+ 120.72  ," 10,725 "," 2,500 ",+ 329.00  ," 1,916 ",713.92,+ 168.44  ," 1,894 ",709.01,+167.07, 23 ,4.91,+366.80,,,,
,ชัยนาท,47.65,40.43,+7.22," 219,908 "," 176,772 ",+24.40," 1,039,441 "," 797,454 ",+30.34," 1,033,577 "," 795,880 ",+ 29.87  ," 5,864 "," 1,574 ",+ 272.55  ," 1,491 ","1,019.72",+ 46.26  ," 1,482 ","1,018.41",+45.47, 10 ,1.31,+656.49,,,,
,นนทบุรี,57.57,41.44,+16.13," 1,004,138 "," 702,096 ",+43.02," 3,694,223 "," 2,489,983 ",+48.36," 3,488,183 "," 2,410,975 ",+ 44.68  ," 206,040 "," 79,008 ",+ 160.78  ," 5,737 ","3,166.41",+ 81.18  ," 5,212 ","3,060.31",+70.31, 525 ,106.10,+394.84,,,,
,ปทุมธานี,49.41,28.98,+20.43," 485,630 "," 302,571 ",+60.50," 2,934,634 "," 1,524,514 ",+92.50," 2,704,350 "," 1,488,525 ",+ 81.68  ," 230,284 "," 35,989 ",+ 539.87  ," 4,309 ","2,008.10",+ 114.58  ," 3,882 ","1,961.59",+97.91, 427 ,46.51,+817.37,,,,
,พระนครศรีอยุธยา,58.14,52.62,+5.52," 980,887 "," 874,750 ",+12.13," 10,250,901 "," 7,921,684 ",+29.40," 8,870,892 "," 7,600,276 ",+ 16.72  ," 1,380,009 "," 321,408 ",+ 329.36  ," 21,240 ","11,965.85",+ 77.51  ," 18,106 ","11,285.29",+60.44," 3,134 ",680.56,+360.56,,,,
,ลพบุรี,51.67,45.99,+5.68," 754,763 "," 679,224 ",+11.12," 4,181,422 "," 4,059,822 ",+3.00," 4,165,849 "," 4,053,736 ",+ 2.77  ," 15,573 "," 6,086 ",+ 155.88  ," 6,705 ","4,655.21",+ 44.03  ," 6,667 ","4,647.16",+43.47, 38 ,8.05,+368.45,,,,
,สระบุรี,56.76,45.70,+11.06," 984,088 "," 864,474 ",+13.84," 4,387,622 "," 3,985,992 ",+10.08," 4,337,736 "," 3,974,627 ",+ 9.14  ," 49,886 "," 11,365 ",+ 338.94  ," 7,612 ","6,183.29",+ 23.11  ," 7,525 ","6,166.44",+22.04, 87 ,16.85,+414.78,,,,
,สิงห์บุรี,46.43,37.92,+8.51," 181,685 "," 156,310 ",+16.23," 749,436 "," 615,694 ",+21.72," 743,484 "," 611,958 ",+ 21.49  ," 5,952 "," 3,736 ",+ 59.31  ," 1,059 ",767.34,+ 37.95  ," 1,046 ",760.06,+37.68, 12 ,7.28,+66.35,,,,
,สุพรรณบุรี,57.10,48.15,+8.95," 949,050 "," 740,010 ",+28.25," 6,696,180 "," 3,685,951 ",+81.67," 6,658,164 "," 3,669,938 ",+ 81.42  ," 38,016 "," 16,013 ",+ 137.41  ," 10,152 ","4,553.28",+ 122.97  ," 10,091 ","4,528.26",+122.85, 61 ,25.02,+145.40,,,,
,อ่างทอง,44.82,31.16,+13.66," 146,167 "," 83,104 ",+75.88," 1,034,507 "," 670,749 ",+54.23," 1,026,708 "," 670,079 ",+ 53.22  ," 7,799 ", 670 ,"+ 1,064.03  "," 1,315 ",664.38,+ 98.00  ," 1,305 ",663.53,+96.62, 11 ,0.85,"+1,176.47",,,,
,ภาคกลาง,59.66,50.62,+9.04," 22,444,983 "," 18,967,571 ",+18.33," 88,571,692 "," 68,018,558 ",+30.22," 84,546,118 "," 66,755,094 ",+26.65," 4,025,574 "," 1,263,464 ",+218.61," 189,596 ","127,976.60",+48.15," 175,160 ","124,353.87",+40.86," 14,436 ","3,622.73",+298.49,,,,
,จันทบุรี,58.17,49.42,+8.75,"1,170,099","924,350",+26.59,"4,484,266","1,351,985",+231.68,"4,461,030","1,342,449",+232.31,"23,236","9,536",+143.67,"16,184","4,574.22",+253.80,"16,046","4,553.20",+ 252.40  ,138,21.02,+ 556.14  ,,,,
,ฉะเชิงเทรา,40.77,31.69,+9.08,"357,636","279,402",+28.00,"5,685,948","4,620,716",+23.05,"5,667,188","4,615,243",+22.79,"18,760","5,473",+242.77,"7,158","5,133.66",+39.43,"7,136","5,128.57",+ 39.15  ,22,5.09,+ 324.17  ,,,,
,ชลบุรี,78.22,53.54,+24.68,"15,449,317","9,519,178",+62.30,"23,263,746","14,684,969",+58.42,"13,717,882","12,827,913",+6.94,"9,545,864","1,857,056",+414.03,"233,681","99,470.56",+134.92,"85,566","74,199.54",+ 15.32  ,"148,115","25,271.02",+ 486.11  ,,,,
,ตราด,50.79,40.78,+10.01,"1,585,632","1,230,950",+28.81,"1,863,394","1,335,497",+39.53,"1,607,834","1,290,112",+24.63,"255,560","45,385",+463.09,"13,719","8,804.47",+55.82,"10,811","8,510.48",+ 27.03  ,"2,908",293.99,+ 889.25  ,,,,
,นครนายก,61.71,55.87,+5.84,"1,130,253","964,790",+17.15,"1,895,928","1,542,704",+22.90,"1,885,368","1,540,733",+22.37,"10,560","1,971",+435.77,"4,593","3,431.87",+33.82,"4,557","3,426.38",+ 33.00  ,36,5.49,+ 546.63  ,,,,
,ปราจีนบุรี,45.17,36.62,+8.55,"692,777","627,016",+10.49,"1,288,638","1,043,081",+23.54,"1,282,597","1,040,554",+23.26,"6,041","2,527",+139.06,"3,617","2,795.85",+29.36,"3,592","2,786.47",+ 28.92  ,25,9.38,+ 162.69  ,,,,
,ระยอง,71.92,54.61,+17.31,"2,951,091","1,950,868",+51.27,"4,919,174","2,752,560",+78.71,"4,191,746","2,641,153",+58.71,"727,428","111,407",+552.95,"21,198","9,681.36",+118.96,"16,119","9,365.89",+ 72.11  ,"5,078",315.47,"+ 1,509.79  ",,,,
,สระแก้ว,47.54,43.14,+4.40,"462,742","420,988",+9.92,"1,292,787","1,127,891",+14.62,"1,275,306","1,119,620",+13.91,"17,481","8,271",+111.35,"4,166","3,568.83",+16.73,"4,121","3,548.46",+ 16.14  ,45,20.37,+ 120.13  ,,,,
,ภาคตะวันออก,74.05,54.57,+19.48," 23,799,547 "," 15,917,542 ",+49.52," 44,693,881 "," 28,459,403 ",+57.04," 34,088,951 "," 26,417,777 ",+29.04," 10,604,930 "," 2,041,626 ",+419.44," 304,315 ","137,460.82",+121.38," 147,948 ","111,518.99",+32.67," 156,366 ","25,941.83",+502.76,,,,
,กระบี่,68.66,27.06,+41.60," 1,807,123 "," 1,037,654 ",+74.15," 3,803,375 "," 1,730,061 ",+119.84," 2,102,059 "," 1,420,326 ",+48.00," 1,701,316 "," 309,735 ",+449.28," 52,500.7 ","15,936.54",+229.44," 22,213.9 ","14,004.43",+58.62," 30,286.8 ","1,932.11","+1,467.55",,,,
,ชุมพร,58.03,43.28,+14.75," 1,137,924 "," 861,668 ",+32.06," 1,584,245 "," 1,091,134 ",+45.19," 1,564,948 "," 1,087,545 ",+43.90," 19,297 "," 3,589 ",+437.67," 5,605.6 ","3,169.67",+76.85," 5,509.4 ","3,160.34",+74.33, 96.2 ,9.33,+931.30,,,,
,นครศรีธรรมราช,68.16,40.13,+28.03," 2,231,655 "," 1,301,533 ",+71.46," 4,021,076 "," 2,032,459 ",+97.84," 3,974,291 "," 2,026,517 ",+96.11," 46,785 "," 5,942 ",+687.36," 13,295.8 ","5,601.26",+137.37," 13,053.0 ","5,583.57",+133.77, 242.8 ,17.69,"+1,272.75",,,,
,พังงา,61.99,36.64,+25.35," 838,373 "," 558,771 ",+50.04," 2,910,157 "," 1,314,423 ",+121.40," 1,065,590 "," 892,496 ",+19.39," 1,844,567 "," 421,927 ",+337.18," 28,494.6 ","6,095.26",+367.49," 4,610.6 ","2,769.23",+66.49," 23,884.0 ","3,326.03",+618.09,,,,
,ภูเก็ต,77.99,47.82,+30.17," 9,215,019 "," 4,796,001 ",+92.14," 11,300,498 "," 5,628,483 ",+100.77," 2,924,034 "," 2,308,266 ",+26.68," 8,376,464 "," 3,320,217 ",+152.29," 388,017.2 ","193,636.78",+100.38," 22,190.7 ","16,961.61",+30.83," 365,826.5 ","176,675.17",+107.06,,,,
,ระนอง,53.16,39.99,+13.17," 464,658 "," 356,570 ",+30.31," 716,123 "," 501,574 ",+42.78," 682,591 "," 494,702 ",+37.98," 33,532 "," 6,872 ",+387.95," 2,806.1 ","1,183.37",+137.13," 2,546.1 ","1,163.47",+118.84, 260.0 ,19.90,"+1,206.68",,,,
,สุราษฎร์ธานี,73.57,45.24,+28.33," 4,963,970 "," 2,713,270 ",+82.95," 7,610,366 "," 3,690,642 ",+106.21," 4,599,013 "," 2,847,239 ",+61.53," 3,011,353 "," 843,403 ",+257.05," 86,557.9 ","27,660.85",+212.93," 28,375.3 ","17,579.18",+61.41," 58,182.6 ","10,081.67",+477.11,,,,
,ตรัง,53.59,42.12,+11.47," 800,536 "," 692,163 ",+15.66," 1,369,940 "," 984,015 ",+39.22," 1,324,414 "," 975,410 ",+35.78," 45,526 "," 8,605 ",+429.06," 7,232.5 ","3,636.18",+98.90," 6,843.6 ","3,608.16",+89.67, 388.9 ,28.02,"+1,287.76",,,,
,นราธิวาส,55.96,32.86,+23.10," 382,026 "," 255,215 ",+49.69," 791,999 "," 377,153 ",+109.99," 385,146 "," 295,483 ",+30.34," 406,853 "," 81,670 ",+398.17," 3,180.2 ",786.62,+304.28," 1,386.2 ",560.67,+147.23," 1,794.0 ",225.95,+693.99,,,,
,ปัตตานี,48.22,34.47,+13.75," 191,233 "," 170,729 ",+12.01," 442,382 "," 250,082 ",+76.89," 341,890 "," 236,354 ",+44.65," 100,492 "," 13,728 ",+632.02," 1,468.5 ",565.00,+159.91," 1,074.3 ",558.85,+92.23, 394.2 ,6.15,"+6,309.76",,,,
,พัทลุง,62.07,40.13,+21.94," 507,005 "," 352,533 ",+43.82," 1,400,448 "," 622,869 ",+124.84," 1,378,671 "," 619,983 ",+122.37," 21,777 "," 2,886 ",+654.57," 2,375.4 ",735.15,+223.11," 2,314.4 ",733.82,+215.39, 61.0 ,1.33,"+4,483.46",,,,
,ยะลา,72.13,58.25,+13.88," 964,523 "," 789,538 ",+22.16," 1,657,692 "," 1,053,832 ",+57.30," 1,026,501 "," 896,023 ",+14.56," 631,191 "," 157,809 ",+299.97," 5,115.7 ","2,079.77",+145.97," 2,342.7 ","1,673.96",+39.95," 2,773.0 ",405.81,+583.32,,,,
,สงขลา,70.67,38.31,+32.36," 2,755,465 "," 1,586,201 ",+73.71," 5,128,081 "," 2,735,551 ",+87.46," 2,591,867 "," 1,826,154 ",+41.93," 2,536,214 "," 909,397 ",+178.89," 35,590.1 ","15,739.16",+126.12," 15,769.2 ","10,180.18",+54.90," 19,820.9 ","5,558.98",+256.56,,,,
,สตูล,61.46,48.93,+12.53," 1,017,666 "," 829,083 ",+22.75," 2,137,713 "," 1,595,361 ",+34.00," 1,934,350 "," 1,561,894 ",+23.85," 203,363 "," 33,467 ",+507.65," 10,037.2 ","5,972.18",+68.07," 8,849.2 ","5,842.19",+51.47," 1,188.1 ",129.99,+813.95,,,,
,ภาคใต้,72.06,42.93,+29.13," 27,277,176 "," 16,300,929 ",+67.34," 44,874,095 "," 23,607,639 ",+90.08," 25,895,365 "," 17,488,392 ",+48.07," 18,978,730 "," 6,119,247 ",+210.15," 642,277 "," 282,798 ",+127.12," 137,078 "," 84,380 ",+62.45," 505,199 "," 198,418 ",+154.61,,,,
,เชียงราย,71.50,67.74,+3.76," 4,109,606 "," 3,625,742 ",+13.35," 6,147,860 "," 5,051,642 ",+21.70," 5,391,039 "," 4,772,759 ",+ 12.95  ," 756,821 "," 278,883 ",+ 171.38  ," 46,774 ","34,413.27",+ 35.92  ," 37,680 ","31,345.56",+20.21," 9,094 ","3,067.71",+196.44,,,,
,เชียงใหม่,74.69,56.53,+18.16," 7,081,321 "," 5,691,931 ",+24.41," 10,678,764 "," 8,773,225 ",+21.72," 7,756,063 "," 7,676,894 ",+ 1.03  ," 2,922,701 "," 1,096,331 ",+ 166.59  ," 89,194 ","59,681.22",+ 49.45  ," 57,663 ","50,018.59",+15.28," 31,531 ","9,662.63",+226.32,,,,
,น่าน,74.24,69.46,+4.78," 1,092,968 "," 924,960 ",+18.16," 1,570,213 "," 1,327,847 ",+18.25," 1,554,216 "," 1,311,353 ",+ 18.52  ," 15,997 "," 16,494 ", - 3.01  ," 4,415 ","3,076.19",+ 43.51  ," 4,319 ","2,992.70",+44.33, 95 ,83.49,+14.21,,,,
,พะเยา,63.65,60.83,+2.82," 486,446 "," 427,340 ",+13.83," 1,009,648 "," 977,460 ",+3.29," 966,706 "," 943,151 ",+ 2.50  ," 42,942 "," 34,309 ",+ 25.16  ," 2,292 ","1,834.51",+ 24.92  ," 2,158 ","1,745.86",+23.62, 133 ,88.65,+50.40,,,,
,แพร่,62.56,61.29,+1.27," 560,080 "," 491,240 ",+14.01," 1,279,316 "," 1,212,637 ",+5.50," 1,262,389 "," 1,203,922 ",+ 4.86  ," 16,927 "," 8,715 ",+ 94.23  ," 2,962 ","2,394.62",+ 23.70  ," 2,909 ","2,374.56",+22.50, 53 ,20.06,+165.30,,,,
,แม่ฮ่องสอน,49.94,44.07,+5.87," 1,054,233 "," 921,542 ",+14.40," 1,185,466 "," 1,057,119 ",+12.14," 964,059 "," 964,344 ", - 0.03  ," 221,407 "," 92,775 ",+ 138.65  ," 5,880 ","4,209.72",+ 39.68  ," 4,464 ","3,714.95",+20.17," 1,416 ",494.77,+186.21,,,,
,ลำปาง,59.12,54.79,+4.33," 642,129 "," 548,913 ",+16.98," 1,667,803 "," 1,562,839 ",+6.72," 1,583,975 "," 1,540,899 ",+ 2.80  ," 83,828 "," 21,940 ",+ 282.08  ," 5,368 ","4,213.91",+ 27.39  ," 4,932 ","4,117.89",+19.78, 436 ,96.02,+354.05,,,,
,ลำพูน,56.91,52.58,+4.33," 251,606 "," 219,683 ",+14.53," 1,265,410 "," 1,130,330 ",+11.95," 1,195,546 "," 1,100,240 ",+ 8.66  ," 69,864 "," 30,090 ",+ 132.18  ," 1,803 ","1,381.88",+ 30.51  ," 1,643 ","1,322.72",+24.23, 160 ,59.16,+170.86,,,,
,กำแพงเพชร,36.75,33.63,+3.12," 381,242 "," 345,623 ",+10.31," 823,564 "," 781,086 ",+5.44," 796,262 "," 764,183 ",+ 4.20  ," 27,302 "," 16,903 ",+ 61.52  ," 1,679 ","1,320.28",+ 27.18  ," 1,617 ","1,288.27",+25.53, 62 ,32.01,+93.78,,,,
,ตาก,64.70,49.77,+14.93," 1,564,612 "," 1,249,509 ",+25.22," 2,157,226 "," 1,673,140 ",+28.93," 2,110,654 "," 1,662,648 ",+ 26.95  ," 46,572 "," 10,492 ",+ 343.88  ," 7,256 ","4,867.64",+ 49.06  ," 7,023 ","4,821.24",+45.67, 233 ,46.40,+401.31,,,,
,นครสวรรค์,51.82,45.56,+6.26," 1,006,864 "," 850,254 ",+18.42," 2,210,206 "," 1,754,829 ",+25.95," 2,198,765 "," 1,745,938 ",+ 25.94  ," 11,441 "," 8,891 ",+ 28.68  ," 6,075 ","4,141.56",+ 46.68  ," 6,029 ","4,112.53",+46.60, 46 ,29.03,+57.04,,,,
,พิจิตร,47.96,44.23,+3.73," 355,276 "," 331,771 ",+7.08," 754,343 "," 687,444 ",+9.73," 752,717 "," 686,420 ",+ 9.66  ," 1,626 "," 1,024 ",+ 58.79  ," 1,437 ","1,089.10",+ 31.98  ," 1,433 ","1,086.77",+31.86, 4 ,2.33,+89.27,,,,
,พิษณุโลก,49.98,45.54,+4.44," 1,549,193 "," 1,425,268 ",+8.69," 2,929,164 "," 2,591,590 ",+13.03," 2,800,446 "," 2,549,872 ",+ 9.83  ," 128,718 "," 41,718 ",+ 208.54  ," 8,204 ","6,175.46",+ 32.85  ," 7,778 ","6,059.28",+28.36, 426 ,116.18,+267.02,,,,
,เพชรบูรณ์,52.20,47.72,+4.48," 2,005,826 "," 1,719,491 ",+16.65," 2,614,622 "," 2,199,089 ",+18.90," 2,555,638 "," 2,161,631 ",+ 18.23  ," 58,984 "," 37,458 ",+ 57.47  ," 9,019 ","6,595.34",+ 36.76  ," 8,786 ","6,473.50",+35.72, 233 ,121.84,+91.62,,,,
,สุโขทัย,34.29,31.93,+2.36," 535,723 "," 482,228 ",+11.09," 1,182,380 "," 926,877 ",+27.57," 981,502 "," 850,448 ",+ 15.41  ," 200,878 "," 76,429 ",+ 162.83  ," 3,106 ","2,047.20",+ 51.73  ," 2,450 ","1,835.74",+33.44, 657 ,211.46,+210.55,,,,
,อุตรดิตถ์,43.79,39.68,+4.11," 555,425 "," 478,139 ",+16.16," 1,030,311 "," 923,949 ",+11.51," 1,024,400 "," 919,681 ",+ 11.39  ," 5,911 "," 4,268 ",+ 38.50  ," 2,112 ","1,262.88",+ 67.20  ," 2,096 ","1,253.07",+67.23, 16 ,9.81,+62.90,,,,
,อุทัยธานี,50.39,40.42,+9.97," 337,055 "," 278,981 ",+20.82," 982,106 "," 891,707 ",+10.14," 980,977 "," 891,430 ",+ 10.05  ," 1,129 ", 277 ,+ 307.58  ," 1,673 ","1,275.26",+ 31.23  ," 1,671 ","1,274.69",+31.08, 3 ,0.57,+359.65,,,,
,ภาคเหนือ,63.21,53.67,+9.54," 23,569,605 "," 20,012,615 ",+17.77," 39,488,402 "," 33,522,810 ",+17.80," 34,875,354 "," 31,745,813 ",+9.86," 4,613,048 "," 1,776,997 ",+159.60," 199,250 ","139,980.04",+42.34," 154,651 ","125,837.92",+22.90," 44,599 ","14,142.12",+215.36,,,,
,กาฬสินธุ์,52.22,41.67,+10.55," 288,193 "," 227,167 ",+26.86," 919,202 "," 640,534 ",+43.51," 894,684 "," 635,154 ",+40.86," 24,518 "," 5,380 ",+355.72," 1,463 ",644.23,+127.04," 1,389 ",626.18,+121.76, 74 ,18.05,+310.25,,,,
,ขอนแก่น,57.27,50.47,+6.80," 1,872,905 "," 1,691,043 ",+10.75," 3,923,536 "," 3,512,879 ",+11.69," 3,821,062 "," 3,469,981 ",+10.12," 102,474 "," 42,898 ",+138.88," 11,301 ","9,463.31",+19.42," 11,022 ","9,344.08",+17.96, 279 ,119.23,+133.65,,,,
,นครพนม,76.77,64.81,+11.96," 806,254 "," 598,226 ",+34.77," 2,204,220 "," 1,539,953 ",+43.14," 2,086,130 "," 1,486,209 ",+40.37," 118,090 "," 53,744 ",+119.73," 3,526 ","2,203.04",+60.07," 3,223 ","2,076.39",+55.20, 304 ,126.65,+139.99,,,,
,บึงกาฬ,53.13,50.79,+2.34," 396,773 "," 366,308 ",+8.32," 853,426 "," 721,455 ",+18.29," 825,862 "," 706,287 ",+16.93," 27,564 "," 15,168 ",+81.72," 1,595 ",946.36,+68.54," 1,543 ",918.40,+68.04, 52 ,27.96,+84.84,,,,
,มหาสารคาม,51.28,44.83,+6.45," 292,134 "," 258,034 ",+13.22," 760,256 "," 490,017 ",+55.15," 749,568 "," 483,054 ",+55.17," 10,688 "," 6,963 ",+53.50," 1,233 ",579.92,+112.55," 1,207 ",561.02,+115.12, 26 ,18.90,+36.30,,,,
,เลย,64.73,49.07,+15.66," 1,261,253 "," 1,031,272 ",+22.30," 2,173,453 "," 1,719,773 ",+26.38," 2,144,090 "," 1,708,301 ",+25.51," 29,363 "," 11,472 ",+155.95," 5,080 ","3,293.14",+54.27," 4,970 ","3,254.88",+52.70, 110 ,38.26,+187.48,,,,
,สกลนคร,47.24,45.14,+2.10," 625,676 "," 580,392 ",+7.80," 1,631,112 "," 1,557,763 ",+4.71," 1,615,822 "," 1,549,432 ",+4.28," 15,290 "," 8,331 ",+83.53," 2,812 ","2,079.22",+35.22," 2,772 ","2,056.59",+34.78, 40 ,22.63,+75.92,,,,
,หนองคาย,65.20,50.20,+15.00," 1,038,747 "," 769,564 ",+34.98," 3,157,890 "," 2,127,210 ",+48.45," 2,307,922 "," 1,793,269 ",+28.70," 849,968 "," 333,941 ",+154.53," 7,233 ","3,350.03",+115.91," 5,304 ","2,584.21",+105.27," 1,929 ",765.82,+151.85,,,,
,หนองบัวลำภู,38.76,29.42,+9.34," 97,733 "," 82,902 ",+17.89," 316,435 "," 274,960 ",+15.08," 314,065 "," 274,001 ",+14.62," 2,370 ", 959 ,+147.13, 366 ,209.16,+75.13, 364 ,208.18,+74.90, 2 ,0.98,+124.49,,,,
,อุดรธานี,64.27,48.82,+15.45," 1,620,708 "," 1,236,008 ",+31.12," 4,333,790 "," 3,160,929 ",+37.10," 3,444,141 "," 2,997,176 ",+14.91," 889,649 "," 163,753 ",+443.29," 11,995 ","6,053.18",+98.16," 8,901 ","5,501.93",+61.78," 3,094 ",551.25,+461.22,,,,
,ชัยภูมิ,57.80,35.95,+21.85," 805,247 "," 588,165 ",+36.91," 1,653,013 "," 1,055,952 ",+56.54," 1,647,513 "," 1,051,961 ",+56.61," 5,500 "," 3,991 ",+37.81," 2,485 ","1,452.85",+71.04," 2,472 ","1,443.95",+71.18, 13 ,8.90,+47.53,,,,
,นครราชสีมา,68.59,52.58,+16.01," 4,695,863 "," 3,717,182 ",+26.33," 7,939,895 "," 6,137,869 ",+29.36," 7,785,906 "," 6,056,308 ",+28.56," 153,989 "," 81,561 ",+88.80," 14,895 ","10,044.66",+48.29," 14,389 ","9,792.24",+46.94, 506 ,252.42,+100.55,,,,
,บุรีรัมย์,70.93,62.47,+8.46," 1,686,466 "," 1,443,774 ",+16.81," 3,449,347 "," 2,915,436 ",+18.31," 3,411,105 "," 2,895,776 ",+17.80," 38,242 "," 19,660 ",+94.52," 7,408 ","5,902.49",+25.50," 7,304 ","5,853.36",+24.79, 103 ,49.13,+110.34,,,,
,มุกดาหาร,44.13,46.06,-1.93," 419,111 "," 423,291 ",-0.99," 1,735,548 "," 1,625,032 ",+6.80," 1,620,113 "," 1,565,399 ",+3.50," 115,435 "," 59,633 ",+93.58," 3,247 ","2,280.30",+42.39," 2,984 ","2,139.95",+39.43, 263 ,140.35,+87.42,,,,
,ยโสธร,40.65,37.39,+3.26," 127,509 "," 118,863 ",+7.27," 505,391 "," 431,105 ",+17.23," 503,420 "," 429,851 ",+17.12," 1,971 "," 1,254 ",+57.18, 525 ,424.55,+23.56, 521 ,422.45,+23.43, 3 ,2.10,+50.95,,,,
,ร้อยเอ็ด,46.46,32.35,+14.11," 346,541 "," 260,692 ",+32.93," 804,841 "," 613,375 ",+31.22," 793,367 "," 607,864 ",+30.52," 11,474 "," 5,511 ",+108.20," 1,164 ",780.87,+49.00," 1,133 ",767.53,+47.68, 30 ,13.34,+125.11,,,,
,ศรีสะเกษ,46.18,43.74,+2.44," 313,865 "," 311,598 ",+0.73," 905,901 "," 895,243 ",+1.19," 901,572 "," 892,417 ",+1.03," 4,329 "," 2,826 ",+53.18," 1,165 ","1,041.98",+11.77," 1,153 ","1,035.15",+11.43, 11 ,6.83,+63.69,,,,
,สุรินทร์,50.94,40.35,+10.59," 812,653 "," 636,730 ",+27.63," 1,124,789 "," 862,491 ",+30.41," 1,097,197 "," 852,972 ",+28.63," 27,592 "," 9,519 ",+189.86," 2,286 ","1,520.74",+50.30," 2,219 ","1,501.50",+47.81, 66 ,19.24,+244.39,,,,
,อำนาจเจริญ,34.74,31.78,+2.96," 71,360 "," 68,049 ",+4.87," 244,385 "," 221,628 ",+10.27," 239,128 "," 219,810 ",+8.79," 5,257 "," 1,818 ",+189.16, 429 ,238.92,+79.70, 420 ,235.17,+78.59, 9 ,3.75,+149.07,,,,
,อุบลราชธานี,49.45,39.72,+9.73," 1,077,967 "," 933,078 ",+15.53," 3,022,297 "," 2,103,304 ",+43.69," 3,002,688 "," 2,096,230 ",+43.24," 19,609 "," 7,074 ",+177.20," 8,093 ","2,880.99",+180.91," 8,049 ","2,863.77",+181.06, 44 ,17.22,+154.88,,,,
,ภาคตะวันออกเฉียงเหนือ,60.20,48.57,+11.63," 18,656,958 "," 15,342,338 ",+21.60," 41,658,727 "," 32,606,908 ",+27.76," 39,205,355 "," 31,771,452 ",+23.40," 2,453,372 "," 835,456 ",+193.66," 88,299 ","55,389.94",+59.41," 81,341 ","53,186.93",+52.93," 6,958 ","2,203.01",+215.84,,,,
,รวมทั้งหมด, 69.33 , 47.93 ,+21.40," 147,197,756 "," 103,728,287 ",+41.91," 315,550,167 "," 224,841,768 ",+40.34," 249,081,328 "," 202,972,521 ",+22.72," 66,468,839 "," 21,869,247 ",+203.94," 2,173,888 ","1,084,575.27",+100.44," 858,906.79 ","641,554.19",+33.88," 1,314,981 ","443,021.08",+196.82,,,,
,หมายเหตุ: P หมายถึง ข้อมูลเบื้องต้น (จำนวนผู้เยี่ยมเยือนและรายได้ใช้โครงสร้าง ปี 2563) ผู้เยี่ยมเยือน หมายถึง ผู้ที่เดินทางเพื่อการท่องเที่ยว และอื่น ๆ เช่น การเยี่ยมเพื่อน/ญาติ ทั้งที่พักค้างคืน และไม่พักค้างคืน โดยเป็นการพักค้างในสถานพักแรม บ้านญาติ/บ้านเพื่อน และอืน ๆ,,,,,,,,,,,,,,,,,,,,,,,,,,,,
,* ผู้เยี่ยมเยือนชาวต่างชาติระดับจังหวัด หมายถึง ชาวต่างชาติที่เดินทางเข้ามาประเทศไทยตั้งแต่ก่อนการปิดด่านตรวจคนเข้าเมือง และพำนักในจังหวัดต่าง ๆ ซึ่งครอบคลุมผู้ที่วางแผนการท่องเที่ยวระยะสั้น แต่ไม่สามารถเดินทางกลับภูมิลำเนาได้ตามแผนการเดินทาง (ไม่รวมชาวต่างชาติที่ประกอบอาชีพในประเทศไทย),,,,,,,,,,,,,,,,,,,,,,,,,,,,
,ที่มา : กองเศรษฐกิจการท่องเที่ยวและกีฬา กระทรวงการท่องเที่ยวและกีฬา,,,,,,,,,,,,,,,,,,,,,,,,,,,,
,หมายเหตุ : มีการปรับปรุงการจัดกลุ่มจังหวัดตามภูมิภาคตามนโยบายการบริหารงานจังหวัดของสำนักงานปลัดกระทรวงการท่องเที่ยวและกีฬา,,,,,,,,,,,,,,,,,,,,,,,,,,,,
